{"cameraMode":{"drawMode":0,"name":"Shaded","section":"Shading Mode"},"sceneLighting":true,"audioPlay":false,"sceneViewState":{"showFog":true,"showMaterialUpdate":false,"showSkybox":true,"showFlares":true,"showImageEffects":true,"showParticleSystems":true,"showVisualEffectGraphs":true,"m_FxEnabled":true},"in2DMode":false,"pivot":{"x":932.0501708984375,"y":470.6759948730469,"z":29.501930236816408},"rotation":{"x":-0.04828987270593643,"y":0.006589529570192099,"z":-0.0003185253299307078,"w":-0.9988114237785339},"size":818.9379272460938,"orthographic":false}